epoch,step,val/acc,val/f1_score,val/loss
0,0,0.7685643434524536,0.8608700633049011,0.9215108752250671
