epoch,step,train/acc,train/f1_score,train/loss,val/acc,val/f1_score,val/loss
0,358,,,,0.6382012963294983,0.7593265175819397,1.3676087856292725
0,358,0.4082958996295929,0.4083379805088043,2.5414860248565674,,,
1,717,,,,0.7044141888618469,0.8104836940765381,1.1041730642318726
1,717,0.6231081485748291,0.6283321976661682,1.4579707384109497,,,
